Title,Company,Location,Country,Date_Posted,Job_URL
Risk & Resource Geoscientist,Saudi Aramco,Saudi Arabia,Saudi Arabia,,https://careers.aramco.com/expat_uk/job/Risk-&-Resource-Geoscientist/856937223/
Field Development Geologist,Saudi Aramco,Saudi Arabia,Saudi Arabia,,https://careers.aramco.com/expat_uk/job/Field-Development-Geologist/857076523/
Business System Analyst,Saudi Aramco,Saudi Arabia,Saudi Arabia,,https://careers.aramco.com/expat_uk/job/Business-System-Analyst/857099523/
Digital & IT Strategy Consultant,Saudi Aramco,Saudi Arabia,Saudi Arabia,,https://careers.aramco.com/expat_uk/job/Digital-&-IT-Strategy-Consultant/857076323/
Geomatics/Geographic Information Systems Analyst,Saudi Aramco,Saudi Arabia,Saudi Arabia,,https://careers.aramco.com/expat_uk/job/GeomaticsGeographic-Information-Systems-Analyst/857076723/
Oil Reservoir Management Engineer,Saudi Aramco,Saudi Arabia,Saudi Arabia,,https://careers.aramco.com/expat_uk/job/Oil-Reservoir-Management-Engineer/857030523/
Data Scientist Specialist,Saudi Aramco,Saudi Arabia,Saudi Arabia,,https://careers.aramco.com/expat_uk/job/Data-Scientist-Specialist/857099623/
Industrial Computer Engineer,Saudi Aramco,Saudi Arabia,Saudi Arabia,,https://careers.aramco.com/expat_uk/job/Industrial-Computer-Engineer/857075023/
LNG Sales & Marketing Specialist,Saudi Aramco,Saudi Arabia,Saudi Arabia,,https://careers.aramco.com/expat_us/job/LNG-Sales-&-Marketing-Specialist/857075923/
Facilities Engineer,Saudi Aramco,Saudi Arabia,Saudi Arabia,,https://careers.aramco.com/expat_us/job/Facilities-Engineer/857074923/
Diving Specialist,Saudi Aramco,Saudi Arabia,Saudi Arabia,,https://careers.aramco.com/expat_uk/job/Diving-Specialist/857075223/
LNG Economist,Saudi Aramco,Saudi Arabia,Saudi Arabia,,https://careers.aramco.com/expat_us/job/LNG-Economist/857075823/
Senior Diving Inspection Specialist,Saudi Aramco,Saudi Arabia,Saudi Arabia,,https://careers.aramco.com/expat_uk/job/Senior-Diving-Inspection-Specialist/857075123/
Deal Quality Specialist,Saudi Aramco,Saudi Arabia,Saudi Arabia,,https://careers.aramco.com/expat_us/job/Deal-Quality-Specialist/857075723/
International Media Relations Specialist,Saudi Aramco,Saudi Arabia,Saudi Arabia,,https://careers.aramco.com/expat_uk/job/International-Media-Relations-Specialist/857098723/
Subsurface Data Management Specialist,Saudi Aramco,Saudi Arabia,Saudi Arabia,,https://careers.aramco.com/expat_us/job/Subsurface-Data-Management-Specialist/857075623/
Environmental Coordinator,Saudi Aramco,Saudi Arabia,Saudi Arabia,,https://careers.aramco.com/expat_uk/job/Environmental-Coordinator/857098323/
Credit Risk Management Analyst,Saudi Aramco,Saudi Arabia,Saudi Arabia,,https://careers.aramco.com/expat_uk/job/Credit-Risk-Management-Analyst/857028523/
Lead Financial Analyst,Saudi Aramco,Saudi Arabia,Saudi Arabia,,https://careers.aramco.com/expat_uk/job/Lead-Financial-Analyst/857073823/
Program Manager and Development Advisor,Saudi Aramco,Saudi Arabia,Saudi Arabia,,https://careers.aramco.com/expat_us/job/Program-Manager-and-Development-Advisor/857074023/
Assessment & Coaching Subject Matter Expert,Saudi Aramco,Saudi Arabia,Saudi Arabia,,https://careers.aramco.com/expat_us/job/Assessment-&-Coaching-Subject-Matter-Expert/857074123/
Senior Accounting Analyst (Medical Actuary),Saudi Aramco,Saudi Arabia,Saudi Arabia,,https://careers.aramco.com/expat_uk/job/Senior-Accounting-Analyst-%28Medical-Actuary%29/857097423/
Management and Professional Trainer,Saudi Aramco,Saudi Arabia,Saudi Arabia,,https://careers.aramco.com/expat_us/job/Management-and-Professional-Trainer/857074323/
Gas Reservoir Engineer,Saudi Aramco,Saudi Arabia,Saudi Arabia,,https://careers.aramco.com/expat_uk/job/Gas-Reservoir-Engineer/857121923/
Career Development Specialist,Saudi Aramco,Saudi Arabia,Saudi Arabia,,https://careers.aramco.com/expat_us/job/Career-Development-Specialist/857074223/
Linear Programming (LP) Modeling Engineer,Saudi Aramco,Saudi Arabia,Saudi Arabia,,https://careers.aramco.com/expat_uk/job/Linear-Programming-%28LP%29-Modeling-Engineer/857096723/
Project Support Engineer,Saudi Aramco,Saudi Arabia,Saudi Arabia,,https://careers.aramco.com/expat_uk/job/Project-Support-Engineer/857121123/
Downstream Transformation Analyst,Saudi Aramco,Saudi Arabia,Saudi Arabia,,https://careers.aramco.com/expat_uk/job/Downstream-Transformation-Analyst/857120823/
Litigation Counsel,Saudi Aramco,Saudi Arabia,Saudi Arabia,,https://careers.aramco.com/expat_uk/job/Litigation-Counsel/857120423/
Affiliate Financial Advisor,Saudi Aramco,Saudi Arabia,Saudi Arabia,,https://careers.aramco.com/expat_us/job/Affiliate-Financial-Advisor/857095623/
English Content Creator,Saudi Aramco,Saudi Arabia,Saudi Arabia,,https://careers.aramco.com/expat_us/job/English-Content-Creator/857096123/
AFFILIATES MANAGEMENT ADVISOR,Saudi Aramco,Saudi Arabia,Saudi Arabia,,https://careers.aramco.com/expat_us/job/AFFILIATES-MANAGEMENT-ADVISOR/857095723/
Senior Archivist,Saudi Aramco,Saudi Arabia,Saudi Arabia,,https://careers.aramco.com/expat_us/job/Senior-Archivist/856442923/
Venture Building Expert,Saudi Aramco,Saudi Arabia,Saudi Arabia,,https://careers.aramco.com/expat_uk/job/Venture-Building-Expert/857026123/
Insurance Risk Specialist,Saudi Aramco,Saudi Arabia,Saudi Arabia,,https://careers.aramco.com/expat_uk/job/Insurance-Risk-Specialist/857027323/
Capital Markets Financial Analyst,Saudi Aramco,Saudi Arabia,Saudi Arabia,,https://careers.aramco.com/expat_uk/job/Capital-Markets-Financial-Analyst/857027123/
Project Finance Specialist,Saudi Aramco,Saudi Arabia,Saudi Arabia,,https://careers.aramco.com/expat_uk/job/Project-Finance-Specialist/857027223/
Digital Marketing Analyst,Saudi Aramco,Saudi Arabia,Saudi Arabia,,https://careers.aramco.com/expat_us/job/Digital-Marketing-Analyst/856442623/
Strategy & Energy Market Specialist,Saudi Aramco,Saudi Arabia,Saudi Arabia,,https://careers.aramco.com/expat_uk/job/Strategy-&-Energy-Market-Specialist/857027423/
Oil Reservoir Management Engineer,Saudi Aramco,Saudi Arabia,Saudi Arabia,,https://careers.aramco.com/expat_uk/job/Oil-Reservoir-Management-Engineer/857023723/
Treasury Analyst,Saudi Aramco,Saudi Arabia,Saudi Arabia,,https://careers.aramco.com/expat_uk/job/Treasury-Analyst/857023123/
Debt Management Specialist,Saudi Aramco,Saudi Arabia,Saudi Arabia,,https://careers.aramco.com/expat_uk/job/Debt-Management-Specialist/857021523/
Cash Management Treasury Analyst,Saudi Aramco,Saudi Arabia,Saudi Arabia,,https://careers.aramco.com/expat_uk/job/Cash-Management-Treasury-Analyst/857023023/
Affiliate Finance Advisor,Saudi Aramco,Saudi Arabia,Saudi Arabia,,https://careers.aramco.com/expat_uk/job/Affiliate-Finance-Advisor/857068423/
Crisis and Business Continuity Advisor,Saudi Aramco,Saudi Arabia,Saudi Arabia,,https://careers.aramco.com/expat_uk/job/Crisis-and-Business-Continuity-Advisor/857070923/
Petroleum Engineer Systems Analyst,Saudi Aramco,Saudi Arabia,Saudi Arabia,,https://careers.aramco.com/expat_uk/job/Petroleum-Engineer-Systems-Analyst/857094823/
Safety Engineer - Aviation Operations,Saudi Aramco,Saudi Arabia,Saudi Arabia,,https://careers.aramco.com/expat_uk/job/Safety-Engineer-Aviation-Operations/857093923/
Safety Engineer - Marine Operations,Saudi Aramco,Saudi Arabia,Saudi Arabia,,https://careers.aramco.com/expat_uk/job/Safety-Engineer-Marine-Operations/857093823/
Sr Counsel - Manufacturing & Power Practice,Saudi Aramco,Saudi Arabia,Saudi Arabia,,https://careers.aramco.com/expat_uk/job/Sr-Counsel-Manufacturing-&-Power-Practice/856316523/
Accounting Analyst,Saudi Aramco,Saudi Arabia,Saudi Arabia,,https://careers.aramco.com/expat_uk/job/Accounting-Analyst/857119923/
Architect,Saudi Aramco,Saudi Arabia,Saudi Arabia,,https://careers.aramco.com/expat_us/job/Architect/856539023/
Process Engineer - Solomon Benchmarking - Refinery Experience Only,Saudi Aramco,Saudi Arabia,Saudi Arabia,,https://careers.aramco.com/expat_us/job/Process-Engineer-Solomon-Benchmarking-Refinery-Experience-Only/855870823/
Upstream & LNG Strategist,Saudi Aramco,Saudi Arabia,Saudi Arabia,,https://careers.aramco.com/expat_uk/job/Upstream-&-LNG-Strategist/857093323/
Drilling Engineer,Saudi Aramco,Saudi Arabia,Saudi Arabia,,https://careers.aramco.com/expat_uk/job/Drilling-Engineer/857092723/
Compliance Counsel,Saudi Aramco,Saudi Arabia,Saudi Arabia,,https://careers.aramco.com/expat_us/job/Compliance-Counsel/857119823/
AI Governance Officer,Saudi Aramco,Saudi Arabia,Saudi Arabia,,https://careers.aramco.com/expat_uk/job/AI-Governance-Officer/856776223/
Business Development Specialist - Transaction & Execution,Saudi Aramco,Saudi Arabia,Saudi Arabia,,https://careers.aramco.com/expat_uk/job/Business-Development-Specialist-Transaction-&-Execution/857091523/
Lead Field Compliance Coordinator,Saudi Aramco,Saudi Arabia,Saudi Arabia,,https://careers.aramco.com/expat_uk/job/Lead-Field-Compliance-Coordinator/857067423/
Elementary-Intermediate Teacher,Saudi Aramco,Saudi Arabia,Saudi Arabia,,https://careers.aramco.com/expat_us/job/Elementary-Intermediate-Teacher/857066723/
Mineral Strategy Analyst,Saudi Aramco,Saudi Arabia,Saudi Arabia,,https://careers.aramco.com/expat_us/job/Mineral-Strategy-Analyst/857119423/
Speechwriter,Saudi Aramco,Saudi Arabia,Saudi Arabia,,https://careers.aramco.com/expat_us/job/Speechwriter/857091923/
Affiliates Management Advisor - Medical Services,Saudi Aramco,Saudi Arabia,Saudi Arabia,,https://careers.aramco.com/expat_uk/job/Affiliates-Management-Advisor-Medical-Services/857091823/
Business Development Specialist - Transaction Execution,Saudi Aramco,Saudi Arabia,Saudi Arabia,,https://careers.aramco.com/expat_uk/job/Business-Development-Specialist-Transaction-Execution/857064923/
Process Modeling Specialist,Saudi Aramco,Saudi Arabia,Saudi Arabia,,https://careers.aramco.com/expat_us/job/Process-Modeling-Specialist/857089423/
Lead Accounting Analyst,Saudi Aramco,Saudi Arabia,Saudi Arabia,,https://careers.aramco.com/expat_uk/job/Lead-Accounting-Analyst/856893023/
Sr Strategy & Market Consultant,Saudi Aramco,Saudi Arabia,Saudi Arabia,,https://careers.aramco.com/expat_uk/job/Sr-Strategy-&-Market-Consultant/857119023/
Process Simulation Twin & Optimization Engineer - Refinery Experience Only,Saudi Aramco,Saudi Arabia,Saudi Arabia,,https://careers.aramco.com/expat_uk/job/Process-Simulation-Twin-&-Optimization-Engineer-Refinery-Experience-Only/857080823/
Onshore Structural Engineer,Saudi Aramco,Saudi Arabia,Saudi Arabia,,https://careers.aramco.com/expat_us/job/Onshore-Structural-Engineer/857089523/
Gas & NGL Planning Engineer,Saudi Aramco,Saudi Arabia,Saudi Arabia,,https://careers.aramco.com/expat_us/job/Gas-&-NGL-Planning-Engineer/857089323/
Field Compliance Coordinator,Saudi Aramco,Saudi Arabia,Saudi Arabia,,https://careers.aramco.com/expat_uk/job/Field-Compliance-Coordinator/857117223/
Facilities Planning Engineer,Saudi Aramco,Saudi Arabia,Saudi Arabia,,https://careers.aramco.com/expat_uk/job/Facilities-Planning-Engineer/857118423/
Operational Excellence Specialist,Saudi Aramco,Saudi Arabia,Saudi Arabia,,https://careers.aramco.com/expat_us/job/Operational-Excellence-Specialist/857089023/
Manufacturing Performance Expert - Refinery Experience Only,Saudi Aramco,Saudi Arabia,Saudi Arabia,,https://careers.aramco.com/expat_us/job/Manufacturing-Performance-Expert-Refinery-Experience-Only/855896223/
Production Engineer,Saudi Aramco,Saudi Arabia,Saudi Arabia,,https://careers.aramco.com/expat_uk/job/Production-Engineer/857117423/
Instructional Designer,Saudi Aramco,Saudi Arabia,Saudi Arabia,,https://careers.aramco.com/expat_uk/job/Instructional-Designer/857088923/
Lead Corporate Strategist - Industrial Portfolio,Saudi Aramco,Saudi Arabia,Saudi Arabia,,https://careers.aramco.com/expat_us/job/Lead-Corporate-Strategist-Industrial-Portfolio/857116623/
Corrosion Control Engineer,Saudi Aramco,Saudi Arabia,Saudi Arabia,,https://careers.aramco.com/expat_uk/job/Corrosion-Control-Engineer/857138823/
Sr Counsel - Chemicals & Retail,Saudi Aramco,Saudi Arabia,Saudi Arabia,,https://careers.aramco.com/expat_uk/job/Sr-Counsel-Chemicals-&-Retail/857013923/
Sr Legal Counsel - Unconventional Gas,Saudi Aramco,Saudi Arabia,Saudi Arabia,,https://careers.aramco.com/expat_uk/job/Sr-Legal-Counsel-Unconventional-Gas/857013823/
Computational Research Expert (Optimization and Control),Saudi Aramco,Saudi Arabia,Saudi Arabia,,https://careers.aramco.com/expat_uk/job/Computational-Research-Expert-%28Optimization-and-Control%29/857062823/
Computational Research Expert (AI Specialist),Saudi Aramco,Saudi Arabia,Saudi Arabia,,https://careers.aramco.com/expat_uk/job/Computational-Research-Expert-%28AI-Specialist%29/857062223/
Sr Legal Counsel - Gas,Saudi Aramco,Saudi Arabia,Saudi Arabia,,https://careers.aramco.com/expat_us/job/Sr-Legal-Counsel-Gas/857013723/
Business Origination Specialist,Saudi Aramco,Saudi Arabia,Saudi Arabia,,https://careers.aramco.com/expat_uk/job/Business-Origination-Specialist/857061923/
Sr Power Systems Strategy & Market Consultant,Saudi Aramco,Saudi Arabia,Saudi Arabia,,https://careers.aramco.com/expat_uk/job/Sr-Power-Systems-Strategy-&-Market-Consultant/857062123/
Electrical Power Contracts Engineer,Saudi Aramco,Saudi Arabia,Saudi Arabia,,https://careers.aramco.com/expat_uk/job/Electrical-Power-Contracts-Engineer/857062023/
Senior Downstream Strategy & Market Analyst,Saudi Aramco,Saudi Arabia,Saudi Arabia,,https://careers.aramco.com/expat_uk/job/Senior-Downstream-Strategy-&-Market-Analyst/857137323/
Organization Design/Development Practitioner,Saudi Aramco,Saudi Arabia,Saudi Arabia,,https://careers.aramco.com/expat_us/job/Organization-DesignDevelopment-Practitioner/857137423/
Experienced Engineer (more than three years of work experience),Saudi Aramco,Saudi Arabia,Saudi Arabia,,https://careers.aramco.com/saudi/job/Experienced-Engineer-%28more-than-three-years-of-work-experience%29/856956723/
Other Graduates (less than three years of work experience),Saudi Aramco,Saudi Arabia,Saudi Arabia,,https://careers.aramco.com/saudi/job/Other-Graduates-%28less-than-three-years-of-work-experience%29/766636923/
Counsel - General Corporate and Commercial Contracts,Saudi Aramco,Saudi Arabia,Saudi Arabia,,https://careers.aramco.com/expat_uk/job/Counsel-General-Corporate-and-Commercial-Contracts/857013023/
Process Engineer - Fluid Catalytic Cracking - Refinery Experience Only,Saudi Aramco,Saudi Arabia,Saudi Arabia,,https://careers.aramco.com/expat_us/job/Process-Engineer-Fluid-Catalytic-Cracking-Refinery-Experience-Only/855867223/
Experienced Other (more than three years of work experience),Saudi Aramco,Saudi Arabia,Saudi Arabia,,https://careers.aramco.com/saudi/job/Experienced-Other-%28more-than-three-years-of-work-experience%29/856957023/
Senior Corporate Strategy Advisor,Saudi Aramco,Saudi Arabia,Saudi Arabia,,https://careers.aramco.com/expat_uk/job/Senior-Corporate-Strategy-Advisor/856748923/
Experienced IT (more than three years of work experience),Saudi Aramco,Saudi Arabia,Saudi Arabia,,https://careers.aramco.com/saudi/job/Experienced-IT-%28more-than-three-years-of-work-experience%29/856956923/
Assistant to Director,Saudi Aramco,Saudi Arabia,Saudi Arabia,,https://careers.aramco.com/expat_uk/job/Assistant-to-Director/766671423/
Metering Engineer - Refinery Experience Only,Saudi Aramco,Saudi Arabia,Saudi Arabia,,https://careers.aramco.com/expat_uk/job/Metering-Engineer-Refinery-Experience-Only/855916623/
Experienced Business (more than three years of work experience),Saudi Aramco,Saudi Arabia,Saudi Arabia,,https://careers.aramco.com/saudi/job/Experienced-Business-%28more-than-three-years-of-work-experience%29/856957123/
Greenhouse Gas Management and Decarbonization Specialist,Saudi Aramco,Saudi Arabia,Saudi Arabia,,https://careers.aramco.com/expat_us/job/Greenhouse-Gas-Management-and-Decarbonization-Specialist/857088123/
Oilfield Microbiology Specialist,Saudi Aramco,Saudi Arabia,Saudi Arabia,,https://careers.aramco.com/expat_uk/job/Oilfield-Microbiology-Specialist/857060923/
Occupational Health Consultant,Saudi Aramco,Saudi Arabia,Saudi Arabia,,https://careers.aramco.com/expat_us/job/Occupational-Health-Consultant/857088023/
Pilot Plant Process Engineer,Saudi Aramco,Saudi Arabia,Saudi Arabia,,https://careers.aramco.com/expat_uk/job/Pilot-Plant-Process-Engineer/857061123/
Contracts Advisor,Saudi Aramco,Saudi Arabia,Saudi Arabia,,https://careers.aramco.com/expat_uk/job/Contracts-Advisor/857061023/
MV Switchgear Specialist,Saudi Aramco,Saudi Arabia,Saudi Arabia,,https://careers.aramco.com/expat_uk/job/MV-Switchgear-Specialist/857087323/
Process Engineer,Saudi Aramco,Saudi Arabia,Saudi Arabia,,https://careers.aramco.com/expat_uk/job/Process-Engineer/857087723/
Communications Specialist,Saudi Aramco,Saudi Arabia,Saudi Arabia,,https://careers.aramco.com/expat_uk/job/Communications-Specialist/857087523/
Enterprise Risk Management Specialist,Saudi Aramco,Saudi Arabia,Saudi Arabia,,https://careers.aramco.com/expat_us/job/Enterprise-Risk-Management-Specialist/857044623/
Financial Specialist,Saudi Aramco,Saudi Arabia,Saudi Arabia,,https://careers.aramco.com/expat_uk/job/Financial-Specialist/857040523/
Data Scientist,Saudi Aramco,Saudi Arabia,Saudi Arabia,,https://careers.aramco.com/expat_us/job/Data-Scientist/857087823/
Downstream Corrosion Engineer - Refinery Experience Only,Saudi Aramco,Saudi Arabia,Saudi Arabia,,https://careers.aramco.com/expat_uk/job/Downstream-Corrosion-Engineer-Refinery-Experience-Only/855852423/
Data Management Analyst,Saudi Aramco,Saudi Arabia,Saudi Arabia,,https://careers.aramco.com/expat_us/job/Data-Management-Analyst/857087423/
Senior Strategic Performance Advisor,Saudi Aramco,Saudi Arabia,Saudi Arabia,,https://careers.aramco.com/expat_uk/job/Senior-Strategic-Performance-Advisor/856748823/
Overhead Power Line Specialist,Saudi Aramco,Saudi Arabia,Saudi Arabia,,https://careers.aramco.com/expat_us/job/Overhead-Power-Line-Specialist/857086723/
Automation Engineer,Saudi Aramco,Saudi Arabia,Saudi Arabia,,https://careers.aramco.com/expat_uk/job/Automation-Engineer/857087023/
Gas Insulated Switchgear Specialist,Saudi Aramco,Saudi Arabia,Saudi Arabia,,https://careers.aramco.com/expat_us/job/Gas-Insulated-Switchgear-Specialist/857086923/
Financial Auditor,Saudi Aramco,Saudi Arabia,Saudi Arabia,,https://careers.aramco.com/expat_uk/job/Financial-Auditor/857038223/
IT Auditor,Saudi Aramco,Saudi Arabia,Saudi Arabia,,https://careers.aramco.com/expat_uk/job/IT-Auditor/857038423/
Fraud Investigator,Saudi Aramco,Saudi Arabia,Saudi Arabia,,https://careers.aramco.com/expat_uk/job/Fraud-Investigator/857038323/
Power Cable Specialist,Saudi Aramco,Saudi Arabia,Saudi Arabia,,https://careers.aramco.com/expat_uk/job/Power-Cable-Specialist/857087123/
Protection & Control Engineer,Saudi Aramco,Saudi Arabia,Saudi Arabia,,https://careers.aramco.com/expat_us/job/Protection-&-Control-Engineer/857086823/
Process Engineer,Saudi Aramco,Saudi Arabia,Saudi Arabia,,https://careers.aramco.com/expat_uk/job/Process-Engineer/857039823/
Static Mechanical Engineer,Saudi Aramco,Saudi Arabia,Saudi Arabia,,https://careers.aramco.com/expat_uk/job/Static-Mechanical-Engineer/857039923/
Reservoir Engineer,Saudi Aramco,Saudi Arabia,Saudi Arabia,,https://careers.aramco.com/expat_uk/job/Reservoir-Engineer/857039423/
Rotating Equipment Engineer,Saudi Aramco,Saudi Arabia,Saudi Arabia,,https://careers.aramco.com/expat_uk/job/Rotating-Equipment-Engineer/857039523/
Turnaround & Inspection Engineer,Saudi Aramco,Saudi Arabia,Saudi Arabia,,https://careers.aramco.com/expat_uk/job/Turnaround-&-Inspection-Engineer/857039723/
Plant Corrosion Engineer,Saudi Aramco,Saudi Arabia,Saudi Arabia,,https://careers.aramco.com/expat_uk/job/Plant-Corrosion-Engineer/857039123/
Drilling Foreman,Saudi Aramco,Saudi Arabia,Saudi Arabia,,https://careers.aramco.com/expat_uk/job/Drilling-Foreman/857038723/
Drilling Foreman,Saudi Aramco,Saudi Arabia,Saudi Arabia,,https://careers.aramco.com/expat_uk/job/Drilling-Foreman/857038623/
Electrical Engineer,Saudi Aramco,Saudi Arabia,Saudi Arabia,,https://careers.aramco.com/expat_uk/job/Electrical-Engineer/857038923/
Rotating Equipment Engineer,Saudi Aramco,Saudi Arabia,Saudi Arabia,,https://careers.aramco.com/expat_uk/job/Rotating-Equipment-Engineer/857039623/
Process Engineer,Saudi Aramco,Saudi Arabia,Saudi Arabia,,https://careers.aramco.com/expat_uk/job/Process-Engineer/857039323/
Drilling Foreman,Saudi Aramco,Saudi Arabia,Saudi Arabia,,https://careers.aramco.com/expat_uk/job/Drilling-Foreman/857038823/
Plant Corrosion Engineer,Saudi Aramco,Saudi Arabia,Saudi Arabia,,https://careers.aramco.com/expat_uk/job/Plant-Corrosion-Engineer/857039223/
Instrumentation & Control Engineer,Saudi Aramco,Saudi Arabia,Saudi Arabia,,https://careers.aramco.com/expat_uk/job/Instrumentation-&-Control-Engineer/857039023/
Reliability & Asset Integrity Engineer,Saudi Aramco,Saudi Arabia,Saudi Arabia,,https://careers.aramco.com/expat_us/job/Reliability-&-Asset-Integrity-Engineer/857086223/
Drilling Foreman,Saudi Aramco,Saudi Arabia,Saudi Arabia,,https://careers.aramco.com/expat_us/job/Drilling-Foreman/857086623/
Operational Auditor,Saudi Aramco,Saudi Arabia,Saudi Arabia,,https://careers.aramco.com/expat_us/job/Operational-Auditor/857038523/
Continuous Improvement Consultant,Saudi Aramco,Saudi Arabia,Saudi Arabia,,https://careers.aramco.com/expat_uk/job/Continuous-Improvement-Consultant/857086123/
Lead Portfolio Manager,Saudi Aramco,Saudi Arabia,Saudi Arabia,,https://careers.aramco.com/expat_us/job/Lead-Portfolio-Manager/857134923/
Senior Downstream Planning & Performance Management Analyst,Saudi Aramco,Saudi Arabia,Saudi Arabia,,https://careers.aramco.com/expat_uk/job/Senior-Downstream-Planning-&-Performance-Management-Analyst/857109223/
Electrical Project Engineer,Saudi Aramco,Saudi Arabia,Saudi Arabia,,https://careers.aramco.com/expat_uk/job/Electrical-Project-Engineer/857109923/
Oil & Gas Financial Analyst,Saudi Aramco,Saudi Arabia,Saudi Arabia,,https://careers.aramco.com/expat_uk/job/Oil-&-Gas-Financial-Analyst/857110623/
Sr Counsel I,Saudi Aramco,Saudi Arabia,Saudi Arabia,,https://careers.aramco.com/expat_uk/job/Sr-Counsel-I/857085023/
Accounting Analyst,Saudi Aramco,Saudi Arabia,Saudi Arabia,,https://careers.aramco.com/expat_uk/job/Accounting-Analyst/857110923/
Computational Research Expert (Material Discovery),Saudi Aramco,Saudi Arabia,Saudi Arabia,,https://careers.aramco.com/expat_uk/job/Computational-Research-Expert-%28Material-Discovery%29/857085923/
Downstream Sustainability Specialist,Saudi Aramco,Saudi Arabia,Saudi Arabia,,https://careers.aramco.com/expat_uk/job/Downstream-Sustainability-Specialist/857110723/
Mechanical Project Engineer,Saudi Aramco,Saudi Arabia,Saudi Arabia,,https://careers.aramco.com/expat_uk/job/Mechanical-Project-Engineer/857109523/
Lead Mechanical Project Engineer,Saudi Aramco,Saudi Arabia,Saudi Arabia,,https://careers.aramco.com/expat_uk/job/Lead-Mechanical-Project-Engineer/857110023/
Planning & Performance Analyst,Saudi Aramco,Saudi Arabia,Saudi Arabia,,https://careers.aramco.com/expat_uk/job/Planning-&-Performance-Analyst/857110423/
Strategic Workforce Planning Consultant,Saudi Aramco,Saudi Arabia,Saudi Arabia,,https://careers.aramco.com/expat_uk/job/Strategic-Workforce-Planning-Consultant/857085823/
Executive Assessment Lead,Saudi Aramco,Saudi Arabia,Saudi Arabia,,https://careers.aramco.com/expat_uk/job/Executive-Assessment-Lead/857085523/
Engineering Specialist,Saudi Aramco,Saudi Arabia,Saudi Arabia,,https://careers.aramco.com/expat_us/job/Engineering-Specialist/857132423/
Lead Financial Reporting & Performance Analyst,Saudi Aramco,Saudi Arabia,Saudi Arabia,,https://careers.aramco.com/expat_uk/job/Lead-Financial-Reporting-&-Performance-Analyst/857108423/
"Lead Downstream Finance, Planning & Performance Management Analyst",Saudi Aramco,Saudi Arabia,Saudi Arabia,,https://careers.aramco.com/expat_uk/job/Lead-Downstream-Finance%2C-Planning-&-Performance-Management-Analyst/857108523/
"Governance, Risk & Compliance Specialist",Saudi Aramco,Saudi Arabia,Saudi Arabia,,https://careers.aramco.com/expat_uk/job/Governance%2C-Risk-&-Compliance-Specialist/857108723/
Senior Planning & Performance Management Advisor,Saudi Aramco,Saudi Arabia,Saudi Arabia,,https://careers.aramco.com/expat_uk/job/Senior-Planning-&-Performance-Management-Advisor/857108323/
Contracts Advisor,Saudi Aramco,Saudi Arabia,Saudi Arabia,,https://careers.aramco.com/expat_uk/job/Contracts-Advisor/857106023/
Banking Operations Specialist,Saudi Aramco,Saudi Arabia,Saudi Arabia,,https://careers.aramco.com/job/Banking-Operations-Specialist/857104823/
Rotating Equipment Engineer,Saudi Aramco,Saudi Arabia,Saudi Arabia,,https://careers.aramco.com/expat_uk/job/Rotating-Equipment-Engineer/857105623/
Senior Project Engineer,Saudi Aramco,Saudi Arabia,Saudi Arabia,,https://careers.aramco.com/expat_uk/job/Senior-Project-Engineer/857107623/
Business Development Specialist,Saudi Aramco,Saudi Arabia,Saudi Arabia,,https://careers.aramco.com/expat_uk/job/Business-Development-Specialist/857037823/
Business Development Specialist,Saudi Aramco,Saudi Arabia,Saudi Arabia,,https://careers.aramco.com/expat_uk/job/Business-Development-Specialist/857038023/
Instructional Designer,Saudi Aramco,Saudi Arabia,Saudi Arabia,,https://careers.aramco.com/expat_uk/job/Instructional-Designer/857036823/
Lead Organizational & Management Specialist,Saudi Aramco,Saudi Arabia,Saudi Arabia,,https://careers.aramco.com/expat_uk/job/Lead-Organizational-&-Management-Specialist/857083223/
Program Development & Evaluation Analyst,Saudi Aramco,Saudi Arabia,Saudi Arabia,,https://careers.aramco.com/expat_uk/job/Program-Development-&-Evaluation-Analyst/857083023/
Process/Operation Engineer,Saudi Aramco,Saudi Arabia,Saudi Arabia,,https://careers.aramco.com/expat_uk/job/ProcessOperation-Engineer/857082823/
Training & Development Advisor,Saudi Aramco,Saudi Arabia,Saudi Arabia,,https://careers.aramco.com/expat_uk/job/Training-&-Development-Advisor/857082923/
Incident Investigator,Saudi Aramco,Saudi Arabia,Saudi Arabia,,https://careers.aramco.com/expat_uk/job/Incident-Investigator/857082423/
Emergency Management Advisor,Saudi Aramco,Saudi Arabia,Saudi Arabia,,https://careers.aramco.com/expat_uk/job/Emergency-Management-Advisor/857082623/
Human Factors Engineer,Saudi Aramco,Saudi Arabia,Saudi Arabia,,https://careers.aramco.com/expat_uk/job/Human-Factors-Engineer/857082323/
Sr Counsel,Saudi Aramco,Saudi Arabia,Saudi Arabia,,https://careers.aramco.com/expat_uk/job/Sr-Counsel/857034923/
Lead Turnaround Engineer - Refinery Experience Only,Saudi Aramco,Saudi Arabia,Saudi Arabia,,https://careers.aramco.com/expat_uk/job/Lead-Turnaround-Engineer-Refinery-Experience-Only/857080923/
Delayed Coker Visbreaker Specialist  - Refinery Experience Only,Saudi Aramco,Saudi Arabia,Saudi Arabia,,https://careers.aramco.com/expat_uk/job/Delayed-Coker-Visbreaker-Specialist-Refinery-Experience-Only/857081923/
Maintenance Engineering Specialist - Refinery Experience Only,Saudi Aramco,Saudi Arabia,Saudi Arabia,,https://careers.aramco.com/expat_uk/job/Maintenance-Engineering-Specialist-Refinery-Experience-Only/857081323/
Intellectual Property Counsel,Saudi Aramco,Saudi Arabia,Saudi Arabia,,https://careers.aramco.com/expat_uk/job/Intellectual-Property-Counsel/857034823/
Technology Consultant - Refinery Experience Only,Saudi Aramco,Saudi Arabia,Saudi Arabia,,https://careers.aramco.com/expat_uk/job/Technology-Consultant-Refinery-Experience-Only/857080623/
Reservoir Engineer,Saudi Aramco,Saudi Arabia,Saudi Arabia,,https://careers.aramco.com/expat_us/job/Reservoir-Engineer/857035223/
Process Engineer - Utilities & Tank Farm - Refinery Experience Only,Saudi Aramco,Saudi Arabia,Saudi Arabia,,https://careers.aramco.com/expat_uk/job/Process-Engineer-Utilities-&-Tank-Farm-Refinery-Experience-Only/857081423/
Instrumentation Engineer - Refinery Experience Only,Saudi Aramco,Saudi Arabia,Saudi Arabia,,https://careers.aramco.com/expat_uk/job/Instrumentation-Engineer-Refinery-Experience-Only/857080723/
Analyzer Engineer - Refinery Experience Only,Saudi Aramco,Saudi Arabia,Saudi Arabia,,https://careers.aramco.com/expat_uk/job/Analyzer-Engineer-Refinery-Experience-Only/857082223/
Process Engineer - Sulfur Recovery - Refinery Experience Only,Saudi Aramco,Saudi Arabia,Saudi Arabia,,https://careers.aramco.com/expat_uk/job/Process-Engineer-Sulfur-Recovery-Refinery-Experience-Only/857081623/
Corrosion Engineer,Saudi Aramco,Saudi Arabia,Saudi Arabia,,https://careers.aramco.com/expat_us/job/Corrosion-Engineer/857036423/
Exploration Geoscientist,Saudi Aramco,Saudi Arabia,Saudi Arabia,,https://careers.aramco.com/expat_uk/job/Exploration-Geoscientist/857034723/
Instrumentation Engineer,Saudi Aramco,Saudi Arabia,Saudi Arabia,,https://careers.aramco.com/expat_us/job/Instrumentation-Engineer/857036523/
Contracts Advisor,Saudi Aramco,Saudi Arabia,Saudi Arabia,,https://careers.aramco.com/expat_uk/job/Contracts-Advisor/857081023/
Reliability&Rotating Equipment Engineer,Saudi Aramco,Saudi Arabia,Saudi Arabia,,https://careers.aramco.com/expat_uk/job/Reliability&Rotating-Equipment-Engineer/857036323/
Sr Counsel - Corporate & Project Finance,Saudi Aramco,Saudi Arabia,Saudi Arabia,,https://careers.aramco.com/expat_uk/job/Sr-Counsel-Corporate-&-Project-Finance/857034323/
Compressors & Steam Turbines Engineer,Saudi Aramco,Saudi Arabia,Saudi Arabia,,https://careers.aramco.com/expat_us/job/Compressors-&-Steam-Turbines-Engineer/857079823/
Heat Exchanger Engineer,Saudi Aramco,Saudi Arabia,Saudi Arabia,,https://careers.aramco.com/expat_us/job/Heat-Exchanger-Engineer/857079623/
Sr Counsel - Joint Venture Development,Saudi Aramco,Saudi Arabia,Saudi Arabia,,https://careers.aramco.com/expat_uk/job/Sr-Counsel-Joint-Venture-Development/857034423/
Estimating Engineer,Saudi Aramco,Saudi Arabia,Saudi Arabia,,https://careers.aramco.com/expat_us/job/Estimating-Engineer/857080423/
Industrial Communications Engineer,Saudi Aramco,Saudi Arabia,Saudi Arabia,,https://careers.aramco.com/expat_us/job/Industrial-Communications-Engineer/857079923/
Sr Counsel - Venture Capital,Saudi Aramco,Saudi Arabia,Saudi Arabia,,https://careers.aramco.com/expat_uk/job/Sr-Counsel-Venture-Capital/857034523/
Solution Architect,Saudi Aramco,Saudi Arabia,Saudi Arabia,,https://careers.aramco.com/expat_us/job/Solution-Architect/857080123/
Infrastructure Facilities Planning Engineer,Saudi Aramco,Saudi Arabia,Saudi Arabia,,https://careers.aramco.com/expat_us/job/Infrastructure-Facilities-Planning-Engineer/857080223/
Substation Equipment Engineer,Saudi Aramco,Saudi Arabia,Saudi Arabia,,https://careers.aramco.com/expat_us/job/Substation-Equipment-Engineer/857079523/
Electrical Planning Engineer,Saudi Aramco,Saudi Arabia,Saudi Arabia,,https://careers.aramco.com/expat_us/job/Electrical-Planning-Engineer/857080323/
Nonmetallic Engineering Specialist,Saudi Aramco,Saudi Arabia,Saudi Arabia,,https://careers.aramco.com/expat_us/job/Nonmetallic-Engineering-Specialist/857079723/
Tax Counsel,Saudi Aramco,Saudi Arabia,Saudi Arabia,,https://careers.aramco.com/expat_uk/job/Tax-Counsel/857034223/
IP Docketing Specialist,Saudi Aramco,Saudi Arabia,Saudi Arabia,,https://careers.aramco.com/expat_uk/job/IP-Docketing-Specialist/857130323/
International Media Relations Specialist,Saudi Aramco,Saudi Arabia,Saudi Arabia,,https://careers.aramco.com/expat_us/job/International-Media-Relations-Specialist/856486923/
Gas Commercial Specialist,Saudi Aramco,Saudi Arabia,Saudi Arabia,,https://careers.aramco.com/expat_uk/job/Gas-Commercial-Specialist/857079123/
Lead Gas Master Planning Specialist,Saudi Aramco,Saudi Arabia,Saudi Arabia,,https://careers.aramco.com/expat_us/job/Lead-Gas-Master-Planning-Specialist/857078923/
Gas Business Modeler,Saudi Aramco,Saudi Arabia,Saudi Arabia,,https://careers.aramco.com/expat_us/job/Gas-Business-Modeler/857079023/
Computing and IT Graduates (less than three years of work experience),Saudi Aramco,Saudi Arabia,Saudi Arabia,,https://careers.aramco.com/saudi/job/Computing-and-IT-Graduates-%28less-than-three-years-of-work-experience%29/766636523/
Business Graduates (less than three years of work experience),Saudi Aramco,Saudi Arabia,Saudi Arabia,,https://careers.aramco.com/saudi/job/Business-Graduates-%28less-than-three-years-of-work-experience%29/766636423/
Planning & Performance Management Analyst,Saudi Aramco,Saudi Arabia,Saudi Arabia,,https://careers.aramco.com/expat_uk/job/Planning-&-Performance-Management-Analyst/857100723/
Engineering Graduates (less than three years of work experience),Saudi Aramco,Saudi Arabia,Saudi Arabia,,https://careers.aramco.com/saudi/job/Engineering-Graduates-%28less-than-three-years-of-work-experience%29/766636323/
Reservoir Simulation Developer,Saudi Aramco,Saudi Arabia,Saudi Arabia,,https://careers.aramco.com/expat_uk/job/Reservoir-Simulation-Developer/857078423/
Safety Advisor,Saudi Aramco,Saudi Arabia,Saudi Arabia,,https://careers.aramco.com/expat_uk/job/Safety-Advisor/857078823/
OSPAS Specialist,Saudi Aramco,Saudi Arabia,Saudi Arabia,,https://careers.aramco.com/expat_us/job/OSPAS-Specialist/857099923/
Accounting Analyst,Saudi Aramco,Saudi Arabia,Saudi Arabia,,https://careers.aramco.com/expat_uk/job/Accounting-Analyst/857100023/
Lead Accounting Analyst,Saudi Aramco,Saudi Arabia,Saudi Arabia,,https://careers.aramco.com/expat_uk/job/Lead-Accounting-Analyst/857100423/
Senior Mechanical Maintenance Engineer,Saudi Aramco,Saudi Arabia,Saudi Arabia,,https://careers.aramco.com/expat_uk/job/Senior-Mechanical-Maintenance-Engineer/857128623/
Lead Process Operations Engineer,Saudi Aramco,Saudi Arabia,Saudi Arabia,,https://careers.aramco.com/expat_uk/job/Lead-Process-Operations-Engineer/857128423/
Senior Contract Advisor,Saudi Aramco,Saudi Arabia,Saudi Arabia,,https://careers.aramco.com/expat_uk/job/Senior-Contract-Advisor/857128523/
Information System Consultant,Saudi Aramco,Saudi Arabia,Saudi Arabia,,https://careers.aramco.com/expat_uk/job/Information-System-Consultant/857077223/
Business Writer,Saudi Aramco,Saudi Arabia,Saudi Arabia,,https://careers.aramco.com/expat_us/job/Business-Writer/857077323/
D&IT Affiliates Advisor,Saudi Aramco,Saudi Arabia,Saudi Arabia,,https://careers.aramco.com/expat_uk/job/D&IT-Affiliates-Advisor/857077123/
Field Compliance Coordinator,Saudi Aramco,Saudi Arabia,Saudi Arabia,,https://careers.aramco.com/expat_uk/job/Field-Compliance-Coordinator/857031723/
Well Intervention Specialist,Saudi Aramco,Saudi Arabia,Saudi Arabia,,https://careers.aramco.com/expat_us/job/Well-Intervention-Specialist/857031223/
Process Engineer,Saudi Aramco,Saudi Arabia,Saudi Arabia,,https://careers.aramco.com/expat_uk/job/Process-Engineer/857077023/
Security Investigator,Saudi Aramco,Saudi Arabia,Saudi Arabia,,https://careers.aramco.com/expat_uk/job/Security-Investigator/857077823/
Safety Engineer,Saudi Aramco,Saudi Arabia,Saudi Arabia,,https://careers.aramco.com/expat_uk/job/Safety-Engineer/857078223/
Fire Protection Trainer/Operator,Saudi Aramco,Saudi Arabia,Saudi Arabia,,https://careers.aramco.com/expat_uk/job/Fire-Protection-TrainerOperator/857077623/
Safety Engineer (Drilling & Workover Operations),Saudi Aramco,Saudi Arabia,Saudi Arabia,,https://careers.aramco.com/expat_uk/job/Safety-Engineer-%28Drilling-&-Workover-Operations%29/857078323/
Process Safety Engineer,Saudi Aramco,Saudi Arabia,Saudi Arabia,,https://careers.aramco.com/expat_uk/job/Process-Safety-Engineer/857078123/
Building Life Safety Plans Examiner,Saudi Aramco,Saudi Arabia,Saudi Arabia,,https://careers.aramco.com/expat_uk/job/Building-Life-Safety-Plans-Examiner/857078023/
